<?xml version="1.0" encoding="UTF-8"?>
<!--
 *******************************************************************************
 * Copyright (c) 2014 Spikes N.V.
 * All rights reserved. This program and the accompanying materials
 * are made available under the terms of the Eclipse Public License v1.0
 * which accompanies this distribution, and is available at
 * http://www.eclipse.org/legal/epl-v10.html
 *
 * Contributors:
 *  Spikes - Initial implementation
 *  Initially developed in the context of ARTIST EU project www.artist-project.eu
 *******************************************************************************
 -->
<project default="uml2services" name="eu.artist.migration.modernization.uml2services">
    <property name="ECLIPSE_HOME" value="../../../../../eclipse-modeling-kepler/eclipse"/>
    <property name="ECLIPSE_WORKSPACE" value="../.."/>

    <!-- The classpath with only the dependencies used by the project -->
    <path id="eu.artist.migration.modernization.uml2services.libraryclasspath">
        <pathelement location="${ECLIPSE_WORKSPACE}/eu.artist.migration.modernization.uml2services/bin"/>
        <pathelement location="${ECLIPSE_HOME}/plugins/org.eclipse.core.runtime_3.9.100.v20131218-1515.jar"/>
        <pathelement location="${ECLIPSE_HOME}/plugins/javax.annotation_1.1.0.v201209060031.jar"/>
        <pathelement location="${ECLIPSE_HOME}/plugins/javax.inject_1.0.0.v20091030.jar"/>
        <pathelement location="${ECLIPSE_HOME}/plugins/org.eclipse.osgi_3.9.1.v20140110-1610.jar"/>
        <pathelement location="${ECLIPSE_HOME}/plugins/org.eclipse.equinox.common_3.6.200.v20130402-1505.jar"/>
        <pathelement location="${ECLIPSE_HOME}/plugins/org.eclipse.core.jobs_3.5.300.v20130429-1813.jar"/>
        <pathelement location="${ECLIPSE_HOME}/plugins/org.eclipse.core.runtime.compatibility.registry_3.5.200.v20130514-1256/runtime_registry_compatibility.jar"/>
        <pathelement location="${ECLIPSE_HOME}/plugins/org.eclipse.equinox.registry_3.5.301.v20130717-1549.jar"/>
        <pathelement location="${ECLIPSE_HOME}/plugins/org.eclipse.equinox.preferences_3.5.100.v20130422-1538.jar"/>
        <pathelement location="${ECLIPSE_HOME}/plugins/org.eclipse.core.contenttype_3.4.200.v20130326-1255.jar"/>
        <pathelement location="${ECLIPSE_HOME}/plugins/org.eclipse.equinox.app_1.3.100.v20130327-1442.jar"/>
        <pathelement location="${ECLIPSE_HOME}/plugins/org.eclipse.uml2.uml_4.1.2.v20140202-2055.jar"/>
        <pathelement location="${ECLIPSE_HOME}/plugins/org.eclipse.emf.ecore_2.10.0.v20140514-1158.jar"/>
        <pathelement location="${ECLIPSE_HOME}/plugins/org.eclipse.emf.common_2.10.0.v20140514-1158.jar"/>
        <pathelement location="${ECLIPSE_HOME}/plugins/org.eclipse.emf.ecore.xmi_2.10.0.v20140514-1158.jar"/>
        <pathelement location="${ECLIPSE_HOME}/plugins/org.eclipse.uml2.common_1.8.2.v20140202-2055.jar"/>
        <pathelement location="${ECLIPSE_HOME}/plugins/org.eclipse.uml2.types_1.1.0.v20140202-2055.jar"/>
        <pathelement location="${ECLIPSE_HOME}/plugins/org.eclipse.emf.mapping.ecore2xml_2.8.0.v20140519-0339.jar"/>
        <pathelement location="${ECLIPSE_HOME}/plugins/org.eclipse.emf.validation_1.7.0.201306111341.jar"/>
        <pathelement location="${ECLIPSE_HOME}/plugins/org.eclipse.core.resources_3.8.101.v20130717-0806.jar"/>
        <pathelement location="${ECLIPSE_HOME}/plugins/org.eclipse.ocl_3.3.0.v20140120-1508.jar"/>
        <pathelement location="${ECLIPSE_HOME}/plugins/lpg.runtime.java_2.0.17.v201004271640.jar"/>
        <pathelement location="${ECLIPSE_HOME}/plugins/org.eclipse.ocl.common_1.1.0.v20130531-0544.jar"/>
        <pathelement location="${ECLIPSE_HOME}/plugins/org.eclipse.ocl.ecore_3.3.0.v20130520-1222.jar"/>
        <pathelement location="${ECLIPSE_HOME}/plugins/org.eclipse.acceleo.common_3.4.2.201401221203.jar"/>
        <pathelement location="${ECLIPSE_HOME}/plugins/org.eclipse.acceleo.model_3.4.2.201401221203.jar"/>
        <pathelement location="${ECLIPSE_HOME}/plugins/org.eclipse.acceleo.profiler_3.4.2.201401221203.jar"/>
        <pathelement location="${ECLIPSE_HOME}/plugins/org.eclipse.acceleo.engine_3.4.2.201401221203.jar"/>
        <pathelement location="${ECLIPSE_HOME}/plugins/org.eclipse.emf.codegen.ecore_2.10.0.v20140519-0339.jar"/>
        <pathelement location="${ECLIPSE_HOME}/plugins/org.eclipse.emf.codegen_2.10.0.v20140519-0339.jar"/>
        <pathelement location="${ECLIPSE_HOME}/plugins/com.google.guava_11.0.2.v201303041551.jar"/>
        <pathelement location="${ECLIPSE_HOME}/plugins/org.junit_4.11.0.v201303080030/junit.jar"/>
        <pathelement location="${ECLIPSE_HOME}/plugins/org.hamcrest.core_1.3.0.v201303031735.jar"/>
        <pathelement location="${ECLIPSE_HOME}/plugins/org.eclipse.uml2.uml.resources_4.1.0.v20140202-2055.jar"/>
        <pathelement location="${ECLIPSE_HOME}/plugins/org.eclipse.uml2.uml.profile.l2_1.1.0.v20140202-2055.jar"/>
        <pathelement location="${ECLIPSE_HOME}/plugins/org.eclipse.uml2.uml.profile.l3_1.1.0.v20140202-2055.jar"/>
    </path>

    <path id="eu.artist.migration.modernization.uml2services.classpath">
        <path refid="eu.artist.migration.modernization.uml2services.libraryclasspath"/>
    </path>

    <!-- The classpath with only the jars available in the plugin folder of Eclipse -->
    <path id="eu.artist.migration.modernization.uml2services.libraryclasspath.alljars">
        <pathelement location="../eu.artist.migration.modernization.uml2services/bin"/>
        <fileset dir="${ECLIPSE_HOME}/plugins/" includes="*.jar"/>
    </path>

    <path id="eu.artist.migration.modernization.uml2services.classpath.alljars">
        <path refid="eu.artist.migration.modernization.uml2services.libraryclasspath.alljars"/>
    </path>

    <!-- The default task with the jars used by this project -->
    <target name="uml2services">
        <java classname="eu.artist.migration.modernization.uml2services.main.Uml2services" classpathref="eu.artist.migration.modernization.uml2services.classpath">
            <arg value="${model}"/>
            <arg value="${target}"/>
        </java>
    </target>

    <!--
        In case of problem you can also try with all the jar available in your Eclipse
        Keep in mind that having two versions of the same jar can create problems
    -->
    <target name="uml2services.alljars">
        <java classname="eu.artist.migration.modernization.uml2services.main.Uml2services" classpathref="eu.artist.migration.modernization.uml2services.classpath">
            <arg value="${model}"/>
            <arg value="${target}"/>
        </java>
    </target>
</project>
