<?xml version="1.0" encoding="utf-8" standalone="no"?>
<edmx:Edmx Version="3.0" xmlns:edmx="http://schemas.microsoft.com/ado/2009/11/edmx">
  <!-- EF Runtime content -->
  <edmx:Runtime>
	<!-- SSDL content -->
	<edmx:StorageModels>
	    <Schema Namespace="DBML_ModelModel.Store" Provider="System.Data.SqlClient" ProviderManifestToken="2012" Alias="Self" xmlns:store="http://schemas.microsoft.com/ado/2007/12/edm/EntityStoreSchemaGenerator" xmlns:customannotation="http://schemas.microsoft.com/ado/2013/11/edm/customannotation" xmlns="http://schemas.microsoft.com/ado/2009/11/edm/ssdl">
			<EntityType Name="WorkflowTraceEntity">
				<Key>
	            	<PropertyRef Name="WorkflowInstanceId" />
				</Key>
				<Property Name="WorkflowTitle" Type="nvarchar" MaxLength="255" Nullable="false" />			
				<Property Name="SLA" Type="float" Nullable="true" />			
				<Property Name="WorkflowId" Type="uniqueidentifier" Nullable="false" />			
				<Property Name="InitiatedByDisplayName" Type="nvarchar" MaxLength="500" Nullable="false" />			
				<Property Name="ExternalStatus" Type="nvarchar" MaxLength="255" Nullable="true" />			
				<Property Name="WorkflowDurationBusinessHours" Type="float" Nullable="true" />			
				<Property Name="EndTime" Type="datetime" Nullable="true" />			
				<Property Name="StartTime" Type="datetime" Nullable="false" />			
				<Property Name="WorkflowDescription" Type="nvarchar" MaxLength="1000" Nullable="true" />			
				<Property Name="WorkflowInstanceId" Type="uniqueidentifier" Nullable="false" />			
				<Property Name="WorkflowData" Type="xml" Nullable="true" />			
				<Property Name="WorkflowConfigurationId" Type="uniqueidentifier" Nullable="false" />			
				<Property Name="InitiatedBy" Type="nvarchar" MaxLength="500" Nullable="false" />			
				<Property Name="InternalStatus" Type="varchar" MaxLength="255" Nullable="false" />			
				<Property Name="WorkflowVersion" Type="varchar" MaxLength="10" Nullable="false" />			
				<Property Name="Timestamp" Type="timestamp" StoreGeneratedPattern="Computed" Nullable="false" />			
			</EntityType>
			<EntityType Name="ServiceProvider">
				<Key>
	            	<PropertyRef Name="Name" />
				</Key>
				<Property Name="DefaultServiceProvider" Type="bit" Nullable="false" />			
				<Property Name="Definition" Type="xml" Nullable="true" />			
				<Property Name="Name" Type="nvarchar" MaxLength="50" Nullable="false" />			
				<Property Name="Enabled" Type="bit" Nullable="true" />			
			</EntityType>
			<EntityType Name="WorkflowInstanceLock">
				<Key>
	            	<PropertyRef Name="WorkflowInstanceId" />
				</Key>
				<Property Name="LockedOn" Type="datetime" Nullable="false" />			
				<Property Name="WorkflowInstanceId" Type="uniqueidentifier" Nullable="false" />			
			</EntityType>
			<EntityType Name="ActivityManifestRecord">
				<Key>
	            	<PropertyRef Name="Name" />
				</Key>
				<Property Name="ManifestDefinition" Type="xml" Nullable="false" />			
				<Property Name="Name" Type="varchar" MaxLength="250" Nullable="false" />			
			</EntityType>
			<EntityType Name="ActivityTraceEntity">
				<Key>
	            	<PropertyRef Name="ActivityInstanceId" />
				</Key>
				<Property Name="ActivityInstanceId" Type="uniqueidentifier" Nullable="false" />			
				<Property Name="ActivityId" Type="uniqueidentifier" Nullable="false" />			
				<Property Name="SLA" Type="float" Nullable="true" />			
				<Property Name="EndTime" Type="datetime" Nullable="true" />			
				<Property Name="StartTime" Type="datetime" Nullable="false" />			
				<Property Name="ExecutedByRole" Type="nvarchar" MaxLength="500" Nullable="true" />			
				<Property Name="InitiatedByNotificationSubscription" Type="xml" Nullable="true" />			
				<Property Name="WorkflowContainer" Type="nvarchar" MaxLength="500" Nullable="true" />			
				<Property Name="ActivityDescription" Type="nvarchar" MaxLength="1000" Nullable="true" />			
				<Property Name="ActivityType" Type="nvarchar" MaxLength="255" Nullable="false" />			
				<Property Name="ActivityDisplayName" Type="nvarchar" MaxLength="500" Nullable="true" />			
				<Property Name="OriginatingActivityInstanceID" Type="uniqueidentifier" Nullable="true" />			
				<Property Name="WorkflowInstanceId" Type="uniqueidentifier" Nullable="false" />			
				<Property Name="ActivityDurationBusinessHours" Type="float" Nullable="true" />			
				<Property Name="Timestamp" Type="timestamp" StoreGeneratedPattern="Computed" Nullable="false" />			
				<Property Name="Outcome" Type="nvarchar" MaxLength="500" Nullable="true" />			
				<Property Name="ActivityInternalName" Type="nvarchar" MaxLength="500" Nullable="false" />			
				<Property Name="Status" Type="nvarchar" MaxLength="255" Nullable="false" />			
			</EntityType>
			<EntityType Name="TaskTraceEntity">
				<Key>
	            	<PropertyRef Name="TaskId" />
				</Key>
				<Property Name="ExecutedByDisplayName" Type="nvarchar" MaxLength="500" Nullable="true" />			
				<Property Name="Outcome" Type="nvarchar" MaxLength="500" Nullable="true" />			
				<Property Name="TaskId" Type="uniqueidentifier" Nullable="false" />			
				<Property Name="AssignedToDisplayName" Type="nvarchar" MaxLength="500" Nullable="true" />			
				<Property Name="EndTime" Type="datetime" Nullable="true" />			
				<Property Name="StartTime" Type="datetime" Nullable="false" />			
				<Property Name="ExecutedBy" Type="nvarchar" MaxLength="500" Nullable="true" />			
				<Property Name="Status" Type="nvarchar" MaxLength="255" Nullable="false" />			
				<Property Name="ActivityInstanceId" Type="uniqueidentifier" Nullable="false" />			
				<Property Name="AssignedTo" Type="nvarchar" MaxLength="500" Nullable="false" />			
			</EntityType>
			<EntityType Name="WorkflowQueue">
				<Key>
				</Key>
				<Property Name="ApplicationId" Type="uniqueidentifier" Nullable="false" />			
				<Property Name="Id" Type="bigint" Nullable="false" />			
				<Property Name="Payload"  Type="varbinary(MAX)" Nullable="false" />			
			</EntityType>
			<Association Name="WorkflowTraceEntity_ActivityTraceEntity">
				<End Role="WorkflowTraceEntity" Type="Self.WorkflowTraceEntity" Multiplicity="1" />
	          	<End Role="ActivityTraceEntity" Type="Self.ActivityTraceEntity" Multiplicity="*" />
	          	<ReferentialConstraint>
	            	<Principal Role="WorkflowTraceEntity">
	              		<PropertyRef Name="WorkflowInstanceId" />
	            	</Principal>
	            	<Dependent Role="ActivityTraceEntity">
	              		<PropertyRef Name="WorkflowInstanceId" />
	            	</Dependent>
	          	</ReferentialConstraint>
			</Association>	
			<Association Name="ActivityTraceEntity_TaskTraceEntity">
				<End Role="ActivityTraceEntity" Type="Self.ActivityTraceEntity" Multiplicity="1" />
	          	<End Role="TaskTraceEntity" Type="Self.TaskTraceEntity" Multiplicity="*" />
	          	<ReferentialConstraint>
	            	<Principal Role="ActivityTraceEntity">
	              		<PropertyRef Name="ActivityInstanceId" />
	            	</Principal>
	            	<Dependent Role="TaskTraceEntity">
	              		<PropertyRef Name="ActivityInstanceId" />
	            	</Dependent>
	          	</ReferentialConstraint>
			</Association>	
			<EntityContainer Name="DBML_ModelModelStoreContainer">
				<EntitySet Name="WorkflowTraceEntity" EntityType="Self.WorkflowTraceEntity" Schema="dbo" store:Type="Tables" />
				<EntitySet Name="ServiceProvider" EntityType="Self.ServiceProvider" Schema="dbo" store:Type="Tables" />
				<EntitySet Name="WorkflowInstanceLock" EntityType="Self.WorkflowInstanceLock" Schema="dbo" store:Type="Tables" />
				<EntitySet Name="ActivityManifestRecord" EntityType="Self.ActivityManifestRecord" Schema="dbo" store:Type="Tables" />
				<EntitySet Name="ActivityTraceEntity" EntityType="Self.ActivityTraceEntity" Schema="dbo" store:Type="Tables" />
				<EntitySet Name="TaskTraceEntity" EntityType="Self.TaskTraceEntity" Schema="dbo" store:Type="Tables" />
				<EntitySet Name="WorkflowQueue" EntityType="Self.WorkflowQueue" Schema="dbo" store:Type="Tables" />
				<AssociationSet Name="WorkflowTraceEntity_ActivityTraceEntity" Association="Self.WorkflowTraceEntity_ActivityTraceEntity">
					<End Role="WorkflowTraceEntity" EntitySet="WorkflowTraceEntity" />
	          		<End Role="ActivityTraceEntity" EntitySet="ActivityTraceEntity" />
				</AssociationSet>	
				<AssociationSet Name="ActivityTraceEntity_TaskTraceEntity" Association="Self.ActivityTraceEntity_TaskTraceEntity">
					<End Role="ActivityTraceEntity" EntitySet="ActivityTraceEntity" />
	          		<End Role="TaskTraceEntity" EntitySet="TaskTraceEntity" />
				</AssociationSet>	
			</EntityContainer>
		</Schema>
	</edmx:StorageModels>
	<!-- CSDL content -->
	<edmx:ConceptualModels>
		<Schema Namespace="DBML_ModelModel" Alias="Self" annotation:UseStrongSpatialTypes="false" xmlns:annotation="http://schemas.microsoft.com/ado/2009/02/edm/annotation" xmlns:customannotation="http://schemas.microsoft.com/ado/2013/11/edm/customannotation" xmlns="http://schemas.microsoft.com/ado/2009/11/edm">
			<EntityType Name="WorkflowTraceEntity">
				<Key>
	            	<PropertyRef Name="WorkflowInstanceId" />
				</Key>
				<Property Name="WorkflowTitle" Type="String" MaxLength="255" FixedLength="false" Unicode="true" Nullable="false" />					
				<Property Name="SLA" Type="Double" Nullable="true" />					
				<Property Name="WorkflowId" Type="Guid" Nullable="false" />					
				<Property Name="InitiatedByDisplayName" Type="String" MaxLength="500" FixedLength="false" Unicode="true" Nullable="false" />					
				<Property Name="ExternalStatus" Type="String" MaxLength="255" FixedLength="false" Unicode="true" Nullable="true" />					
				<Property Name="WorkflowDurationBusinessHours" Type="Double" Nullable="true" />					
				<Property Name="EndTime" Type="DateTime" Precision="3" Nullable="true" />					
				<Property Name="StartTime" Type="DateTime" Precision="3" Nullable="false" />					
				<Property Name="WorkflowDescription" Type="String" MaxLength="1000" FixedLength="false" Unicode="true" Nullable="true" />					
				<Property Name="WorkflowInstanceId" Type="Guid" Nullable="false" />					
				<Property Name="WorkflowData" Type="String" MaxLength="Max" FixedLength="false" Unicode="true" Nullable="true" />					
				<Property Name="WorkflowConfigurationId" Type="Guid" Nullable="false" />					
				<Property Name="InitiatedBy" Type="String" MaxLength="500" FixedLength="false" Unicode="true" Nullable="false" />					
				<Property Name="InternalStatus" Type="String" MaxLength="255" FixedLength="false" Unicode="false" Nullable="false" />					
				<Property Name="WorkflowVersion" Type="String" MaxLength="10" FixedLength="false" Unicode="false" Nullable="false" />					
				<Property Name="Timestamp" Type="Binary" FixedLength="true" annotation:StoreGeneratedPattern="Computed" Nullable="false" />					
			</EntityType>
			<EntityType Name="ServiceProvider">
				<Key>
	            	<PropertyRef Name="Name" />
				</Key>
				<Property Name="DefaultServiceProvider" Type="Boolean" Nullable="false" />					
				<Property Name="Definition" Type="String" MaxLength="Max" FixedLength="false" Unicode="true" Nullable="true" />					
				<Property Name="Name" Type="String" MaxLength="50" FixedLength="false" Unicode="true" Nullable="false" />					
				<Property Name="Enabled" Type="Boolean" Nullable="true" />					
			</EntityType>
			<EntityType Name="WorkflowInstanceLock">
				<Key>
	            	<PropertyRef Name="WorkflowInstanceId" />
				</Key>
				<Property Name="LockedOn" Type="DateTime" Precision="3" Nullable="false" />					
				<Property Name="WorkflowInstanceId" Type="Guid" Nullable="false" />					
			</EntityType>
			<EntityType Name="ActivityManifestRecord">
				<Key>
	            	<PropertyRef Name="Name" />
				</Key>
				<Property Name="ManifestDefinition" Type="String" MaxLength="Max" FixedLength="false" Unicode="true" Nullable="false" />					
				<Property Name="Name" Type="String" MaxLength="250" FixedLength="false" Unicode="false" Nullable="false" />					
			</EntityType>
			<EntityType Name="ActivityTraceEntity">
				<Key>
	            	<PropertyRef Name="ActivityInstanceId" />
				</Key>
				<Property Name="ActivityInstanceId" Type="Guid" Nullable="false" />					
				<Property Name="ActivityId" Type="Guid" Nullable="false" />					
				<Property Name="SLA" Type="Double" Nullable="true" />					
				<Property Name="EndTime" Type="DateTime" Precision="3" Nullable="true" />					
				<Property Name="StartTime" Type="DateTime" Precision="3" Nullable="false" />					
				<Property Name="ExecutedByRole" Type="String" MaxLength="500" FixedLength="false" Unicode="true" Nullable="true" />					
				<Property Name="InitiatedByNotificationSubscription" Type="String" MaxLength="Max" FixedLength="false" Unicode="true" Nullable="true" />					
				<Property Name="WorkflowContainer" Type="String" MaxLength="500" FixedLength="false" Unicode="true" Nullable="true" />					
				<Property Name="ActivityDescription" Type="String" MaxLength="1000" FixedLength="false" Unicode="true" Nullable="true" />					
				<Property Name="ActivityType" Type="String" MaxLength="255" FixedLength="false" Unicode="true" Nullable="false" />					
				<Property Name="ActivityDisplayName" Type="String" MaxLength="500" FixedLength="false" Unicode="true" Nullable="true" />					
				<Property Name="OriginatingActivityInstanceID" Type="Guid" Nullable="true" />					
				<Property Name="WorkflowInstanceId" Type="Guid" Nullable="false" />					
				<Property Name="ActivityDurationBusinessHours" Type="Double" Nullable="true" />					
				<Property Name="Timestamp" Type="Binary" FixedLength="true" annotation:StoreGeneratedPattern="Computed" Nullable="false" />					
				<Property Name="Outcome" Type="String" MaxLength="500" FixedLength="false" Unicode="true" Nullable="true" />					
				<Property Name="ActivityInternalName" Type="String" MaxLength="500" FixedLength="false" Unicode="true" Nullable="false" />					
				<Property Name="Status" Type="String" MaxLength="255" FixedLength="false" Unicode="true" Nullable="false" />					
			</EntityType>
			<EntityType Name="TaskTraceEntity">
				<Key>
	            	<PropertyRef Name="TaskId" />
				</Key>
				<Property Name="ExecutedByDisplayName" Type="String" MaxLength="500" FixedLength="false" Unicode="true" Nullable="true" />					
				<Property Name="Outcome" Type="String" MaxLength="500" FixedLength="false" Unicode="true" Nullable="true" />					
				<Property Name="TaskId" Type="Guid" Nullable="false" />					
				<Property Name="AssignedToDisplayName" Type="String" MaxLength="500" FixedLength="false" Unicode="true" Nullable="true" />					
				<Property Name="EndTime" Type="DateTime" Precision="3" Nullable="true" />					
				<Property Name="StartTime" Type="DateTime" Precision="3" Nullable="false" />					
				<Property Name="ExecutedBy" Type="String" MaxLength="500" FixedLength="false" Unicode="true" Nullable="true" />					
				<Property Name="Status" Type="String" MaxLength="255" FixedLength="false" Unicode="true" Nullable="false" />					
				<Property Name="ActivityInstanceId" Type="Guid" Nullable="false" />					
				<Property Name="AssignedTo" Type="String" MaxLength="500" FixedLength="false" Unicode="true" Nullable="false" />					
			</EntityType>
			<EntityType Name="WorkflowQueue">
				<Key>
				</Key>
				<Property Name="ApplicationId" Type="Guid" Nullable="false" />					
				<Property Name="Id" Type="Int64" Nullable="false" />					
				<Property Name="Payload" Type="Binary" Nullable="false" />					
			</EntityType>
			<Association Name="WorkflowTraceEntity_ActivityTraceEntity">
				<End Role="WorkflowTraceEntity" Type="Self.WorkflowTraceEntity" Multiplicity="1" />
	          	<End Role="ActivityTraceEntity" Type="Self.ActivityTraceEntity" Multiplicity="*" />
	          	<ReferentialConstraint>
	            	<Principal Role="WorkflowTraceEntity">
	              		<PropertyRef Name="WorkflowInstanceId" />
	            	</Principal>
	            	<Dependent Role="ActivityTraceEntity">
	              		<PropertyRef Name="WorkflowInstanceId" />
	            	</Dependent>
	          	</ReferentialConstraint>
			</Association>	
			<Association Name="ActivityTraceEntity_TaskTraceEntity">
				<End Role="ActivityTraceEntity" Type="Self.ActivityTraceEntity" Multiplicity="1" />
	          	<End Role="TaskTraceEntity" Type="Self.TaskTraceEntity" Multiplicity="*" />
	          	<ReferentialConstraint>
	            	<Principal Role="ActivityTraceEntity">
	              		<PropertyRef Name="ActivityInstanceId" />
	            	</Principal>
	            	<Dependent Role="TaskTraceEntity">
	              		<PropertyRef Name="ActivityInstanceId" />
	            	</Dependent>
	          	</ReferentialConstraint>
			</Association>	
			<EntityContainer Name="DBML_ModelEntities" annotation:LazyLoadingEnabled="true">
				<EntitySet Name="WorkflowTraceEntity" EntityType="Self.WorkflowTraceEntity" Schema="dbo" store:Type="Tables" />
				<EntitySet Name="ServiceProvider" EntityType="Self.ServiceProvider" Schema="dbo" store:Type="Tables" />
				<EntitySet Name="WorkflowInstanceLock" EntityType="Self.WorkflowInstanceLock" Schema="dbo" store:Type="Tables" />
				<EntitySet Name="ActivityManifestRecord" EntityType="Self.ActivityManifestRecord" Schema="dbo" store:Type="Tables" />
				<EntitySet Name="ActivityTraceEntity" EntityType="Self.ActivityTraceEntity" Schema="dbo" store:Type="Tables" />
				<EntitySet Name="TaskTraceEntity" EntityType="Self.TaskTraceEntity" Schema="dbo" store:Type="Tables" />
				<EntitySet Name="WorkflowQueue" EntityType="Self.WorkflowQueue" Schema="dbo" store:Type="Tables" />
				<AssociationSet Name="WorkflowTraceEntity_ActivityTraceEntity" Association="Self.WorkflowTraceEntity_ActivityTraceEntity">
					<End Role="WorkflowTraceEntity" EntitySet="WorkflowTraceEntity" />
	          		<End Role="ActivityTraceEntity" EntitySet="ActivityTraceEntity" />
				</AssociationSet>	
				<AssociationSet Name="ActivityTraceEntity_TaskTraceEntity" Association="Self.ActivityTraceEntity_TaskTraceEntity">
					<End Role="ActivityTraceEntity" EntitySet="ActivityTraceEntity" />
	          		<End Role="TaskTraceEntity" EntitySet="TaskTraceEntity" />
				</AssociationSet>	
			</EntityContainer>
		</Schema>
	</edmx:ConceptualModels>
	<!-- C-S mapping content -->
	<edmx:Mappings>
		<Mapping Space="C-S" xmlns="http://schemas.microsoft.com/ado/2009/11/mapping/cs">
			<EntityContainerMapping StorageEntityContainer="DBML_ModelModelStoreContainer" CdmEntityContainer="DBML_ModelEntities">
	 			<EntitySetMapping Name="WorkflowTraceEntity">
					<EntityTypeMapping TypeName="DBML_ModelModel.WorkflowTraceEntity">
						<MappingFragment StoreEntitySet="WorkflowTraceEntity">
							<ScalarProperty Name="WorkflowTitle" ColumnName="WorkflowTitle" />
							<ScalarProperty Name="WorkflowTraceEntity_ActivityTraceEntity" ColumnName="WorkflowTraceEntity_ActivityTraceEntity" />
							<ScalarProperty Name="SLA" ColumnName="SLA" />
							<ScalarProperty Name="WorkflowId" ColumnName="WorkflowId" />
							<ScalarProperty Name="InitiatedByDisplayName" ColumnName="InitiatedByDisplayName" />
							<ScalarProperty Name="ExternalStatus" ColumnName="ExternalStatus" />
							<ScalarProperty Name="WorkflowDurationBusinessHours" ColumnName="WorkflowDurationBusinessHours" />
							<ScalarProperty Name="EndTime" ColumnName="EndTime" />
							<ScalarProperty Name="StartTime" ColumnName="StartTime" />
							<ScalarProperty Name="WorkflowDescription" ColumnName="WorkflowDescription" />
							<ScalarProperty Name="WorkflowInstanceId" ColumnName="WorkflowInstanceId" />
							<ScalarProperty Name="WorkflowData" ColumnName="WorkflowData" />
							<ScalarProperty Name="WorkflowConfigurationId" ColumnName="WorkflowConfigurationId" />
							<ScalarProperty Name="InitiatedBy" ColumnName="InitiatedBy" />
							<ScalarProperty Name="InternalStatus" ColumnName="InternalStatus" />
							<ScalarProperty Name="WorkflowVersion" ColumnName="WorkflowVersion" />
							<ScalarProperty Name="Timestamp" ColumnName="Timestamp" />
						</MappingFragment>
	            	</EntityTypeMapping>
				</EntitySetMapping>
	 			<EntitySetMapping Name="ServiceProvider">
					<EntityTypeMapping TypeName="DBML_ModelModel.ServiceProvider">
						<MappingFragment StoreEntitySet="ServiceProvider">
							<ScalarProperty Name="DefaultServiceProvider" ColumnName="DefaultServiceProvider" />
							<ScalarProperty Name="Definition" ColumnName="Definition" />
							<ScalarProperty Name="Name" ColumnName="Name" />
							<ScalarProperty Name="Enabled" ColumnName="Enabled" />
						</MappingFragment>
	            	</EntityTypeMapping>
				</EntitySetMapping>
	 			<EntitySetMapping Name="WorkflowInstanceLock">
					<EntityTypeMapping TypeName="DBML_ModelModel.WorkflowInstanceLock">
						<MappingFragment StoreEntitySet="WorkflowInstanceLock">
							<ScalarProperty Name="LockedOn" ColumnName="LockedOn" />
							<ScalarProperty Name="WorkflowInstanceId" ColumnName="WorkflowInstanceId" />
						</MappingFragment>
	            	</EntityTypeMapping>
				</EntitySetMapping>
	 			<EntitySetMapping Name="ActivityManifestRecord">
					<EntityTypeMapping TypeName="DBML_ModelModel.ActivityManifestRecord">
						<MappingFragment StoreEntitySet="ActivityManifestRecord">
							<ScalarProperty Name="ManifestDefinition" ColumnName="ManifestDefinition" />
							<ScalarProperty Name="Name" ColumnName="Name" />
						</MappingFragment>
	            	</EntityTypeMapping>
				</EntitySetMapping>
	 			<EntitySetMapping Name="ActivityTraceEntity">
					<EntityTypeMapping TypeName="DBML_ModelModel.ActivityTraceEntity">
						<MappingFragment StoreEntitySet="ActivityTraceEntity">
							<ScalarProperty Name="WorkflowTraceEntity_ActivityTraceEntity" ColumnName="WorkflowTraceEntity_ActivityTraceEntity" />
							<ScalarProperty Name="ActivityInstanceId" ColumnName="ActivityInstanceId" />
							<ScalarProperty Name="ActivityTraceEntity_TaskTraceEntity" ColumnName="ActivityTraceEntity_TaskTraceEntity" />
							<ScalarProperty Name="ActivityId" ColumnName="ActivityId" />
							<ScalarProperty Name="SLA" ColumnName="SLA" />
							<ScalarProperty Name="EndTime" ColumnName="EndTime" />
							<ScalarProperty Name="StartTime" ColumnName="StartTime" />
							<ScalarProperty Name="ExecutedByRole" ColumnName="ExecutedByRole" />
							<ScalarProperty Name="InitiatedByNotificationSubscription" ColumnName="InitiatedByNotificationSubscription" />
							<ScalarProperty Name="WorkflowContainer" ColumnName="WorkflowContainer" />
							<ScalarProperty Name="ActivityDescription" ColumnName="ActivityDescription" />
							<ScalarProperty Name="ActivityType" ColumnName="ActivityType" />
							<ScalarProperty Name="ActivityDisplayName" ColumnName="ActivityDisplayName" />
							<ScalarProperty Name="OriginatingActivityInstanceID" ColumnName="OriginatingActivityInstanceID" />
							<ScalarProperty Name="WorkflowInstanceId" ColumnName="WorkflowInstanceId" />
							<ScalarProperty Name="ActivityDurationBusinessHours" ColumnName="ActivityDurationBusinessHours" />
							<ScalarProperty Name="Timestamp" ColumnName="Timestamp" />
							<ScalarProperty Name="Outcome" ColumnName="Outcome" />
							<ScalarProperty Name="ActivityInternalName" ColumnName="ActivityInternalName" />
							<ScalarProperty Name="Status" ColumnName="Status" />
						</MappingFragment>
	            	</EntityTypeMapping>
				</EntitySetMapping>
	 			<EntitySetMapping Name="TaskTraceEntity">
					<EntityTypeMapping TypeName="DBML_ModelModel.TaskTraceEntity">
						<MappingFragment StoreEntitySet="TaskTraceEntity">
							<ScalarProperty Name="ExecutedByDisplayName" ColumnName="ExecutedByDisplayName" />
							<ScalarProperty Name="Outcome" ColumnName="Outcome" />
							<ScalarProperty Name="TaskId" ColumnName="TaskId" />
							<ScalarProperty Name="AssignedToDisplayName" ColumnName="AssignedToDisplayName" />
							<ScalarProperty Name="EndTime" ColumnName="EndTime" />
							<ScalarProperty Name="StartTime" ColumnName="StartTime" />
							<ScalarProperty Name="ExecutedBy" ColumnName="ExecutedBy" />
							<ScalarProperty Name="ActivityTraceEntity_TaskTraceEntity" ColumnName="ActivityTraceEntity_TaskTraceEntity" />
							<ScalarProperty Name="Status" ColumnName="Status" />
							<ScalarProperty Name="ActivityInstanceId" ColumnName="ActivityInstanceId" />
							<ScalarProperty Name="AssignedTo" ColumnName="AssignedTo" />
						</MappingFragment>
	            	</EntityTypeMapping>
				</EntitySetMapping>
	 			<EntitySetMapping Name="WorkflowQueue">
					<EntityTypeMapping TypeName="DBML_ModelModel.WorkflowQueue">
						<MappingFragment StoreEntitySet="WorkflowQueue">
							<ScalarProperty Name="ApplicationId" ColumnName="ApplicationId" />
							<ScalarProperty Name="Id" ColumnName="Id" />
							<ScalarProperty Name="Payload" ColumnName="Payload" />
						</MappingFragment>
	            	</EntityTypeMapping>
				</EntitySetMapping>
			</EntityContainerMapping>
		</Mapping>
	</edmx:Mappings>
  </edmx:Runtime>
</edmx:Edmx>
