<?xml version="1.0" encoding="UTF-8"?>
<infinispan xmlns:xsi="http://www.w3.org/2001/XMLSchema-instance"
	xsi:schemaLocation="urn:infinispan:config:5.2 http://www.infinispan.org/schemas/infinispan-config-5.2.xsd"
	xmlns="urn:infinispan:config:5.2">
	
	<global>
	</global>

	<default>
	</default>

	<namedCache name="persisted_repository">
		<loaders passivation="false" shared="false" preload="false">
			<loader
				class="org.infinispan.loaders.jdbc.stringbased.JdbcStringBasedCacheStore"
				fetchPersistentState="false" ignoreModifications="false"
				purgeOnStartup="false">
				<properties>
					<property name="stringsTableNamePrefix" value="ISPN_STRING_TABLE" />
					<property name="idColumnName" value="ID_COLUMN" />
					<property name="dataColumnName" value="DATA_COLUMN" />
					<property name="timestampColumnName" value="TIMESTAMP_COLUMN" />
					<property name="timestampColumnType" value="BIGINT" />
					<property name="connectionFactoryClass"
						value="org.infinispan.loaders.jdbc.connectionfactory.PooledConnectionFactory" />
					<property name="connectionUrl"
						value="jdbc:h2:file:${catalina.base}/jcr/data/db/db;DB_CLOSE_DELAY=-1" />
					<property name="userName" value="sa" />
					<property name="driverClass" value="org.h2.Driver" />
					<property name="idColumnType" value="VARCHAR(255)" />
					<property name="dataColumnType" value="BINARY" />
					<property name="dropTableOnExit" value="false" />
					<property name="createTableOnStart" value="true" />
				</properties>
			</loader>
		</loaders>

		<transaction
			transactionManagerLookupClass="org.infinispan.transaction.lookup.DummyTransactionManagerLookup"
			transactionMode="TRANSACTIONAL" lockingMode="OPTIMISTIC" />

	</namedCache>
</infinispan>